name;;;;
4FRONT CREDIT UNION;;;;
AB Citadele Bankas;;;;
ABU DHABI COMMERCIAL BANK;;;;
Abu Dhabi Islamic Bank;;;;
ACESSO SOLUCOES DE PAGAMENTO S;;;;
Acleda Bank Plc.;;;;
Advanced Bank of Asia Limited;;;;
ADVANCED BANK OF ASIA LTD;;;;
ADVANZIA BANK S.A.;;;;
Aeon Credit Service (Asia) Co.;;;;
AEON CREDIT SERVICE (M) BERHAD;;;;
AEON Financial Service Co.;;;;
AEON THANA SINSAP (THAILAND) PUBLIC COMPANY LIMITED;;;;
Affin Bank Berhad;;;;
Affin Islamic Bank Berhad;;;;
Affinity Plus Federal Credit Union;;;;
Agricultural Bank of China;;;;
Agriculture bank of China;;;;
AHLI BANK OF KUWAIT;;;;
Airwallex (Hong Kong) Limited;;;;
Al Khalij Commercial Bank (Q.S.C.);;;;
Alinma Bank;;;;
ALIZZ ISLAMIC BANK SAOG;;;;
ALLIANCE BANK MALAYSIA BERHAD;;;;
Alliant Credit Union;;;;
Allied Irish Banks;;;;
Allstar Business Solutions Limited;;;;
ALTURA CREDIT UNION;;;;
AmBank (M) Berhad;;;;
AMBANK (M) BERHAD AMBANK ISLAMIC BERHAD;;;;
AmBank Islamic Berhad;;;;
America First Federal Credit Union;;;;
American Express;;;;
Americu Credit Union;;;;
ANZ Bank New Zealand Limited;;;;
AO Raiffeisenbank;;;;
APLUS Co.;;;;
Apple Federal Credit Union;;;;
Arab National Bank;;;;
Arizona Federal Credit Union;;;;
Arrowhead Central Credit Union;;;;
ASB Bank;;;;
Asia Commercial Bank;;;;
Asia Green Development Bank Limited;;;;
Assemblies of God Credit Union;;;;
Associated Credit Union;;;;
Australia and New Zealand Banking Group Limited;;;;
AXIS BANK LIMITED;;;;
BAIDURI BANK BERHAD;;;;
Baiduri Bank BHD;;;;
BANCA AFIRME;;;;
BANCA SELLA SPA;;;;
Banca Transilvania S.A.;;;;
Banco Agromercantil de Guatemala S.A.;;;;
Banco Bice;;;;
Banco Comercial e de Investimentos SARL;;;;
Banco Comercial Portugues S.A.;;;;
Banco Davivienda Honduras S.A.;;;;
BANCO DE CHILE;;;;
Banco de Oro UniBank;;;;
BANCO G&T CONTINENTAL;;;;
Banco General;;;;
BANCO NACIONAL DE COSTA RICA;;;;
BANCO NACIONAL ULTRAMARINO S.A.;;;;
Banco Nacional Ultramarino;;;;
BANCO PAN SA;;;;
Banco Regional S.A. Institucion De Banca Multiple;;;;
BANCO SANTANDER S.A.;;;;
Banco Santander-Chile;;;;
BANCORP BANK;;;;
BANGKOK BANK PUBLIC COMPANY LIMITED;;;;
BANK AUDI SAL;;;;
Bank Fund Staff Federal Credit Union;;;;
BANK HAPOALIM B.M.;;;;
BANK ISLAM BRUNEI DARUSSALAM BERHAD;;;;
Bank Islam Malaysia Berhad;;;;
Bank Leumi Le-Israel B.M.;;;;
BANK MUAMALAT MALAYSIA BERHAD;;;;
Bank Norwegian As;;;;
Bank of Africa Mer Rouge;;;;
Bank of America - Commercial Credit;;;;
Bank of America - Consumer Credit;;;;
BANK OF AMERICA;;;;
Bank of Ayudhya Public Company Limited;;;;
Bank of Botetourt;;;;
BANK OF CEYLON;;;;
BANK OF CHINA;;;;
Bank of China (Singapore);;;;
BANK OF CHINA LIMITED;;;;
BANK OF COMMUNICATIONS;;;;
Bank of Communications(Hong Kong) Limited;;;;
BANK OF EAST ASIA;;;;
BANK OF MALDIVES (PLC) LTD.;;;;
Bank of Maldives PLC;;;;
BANK OF MISSOURI;;;;
BANK OF MONTREAL;;;;
Bank of New Zealand;;;;
Bank of Queensland Limited;;;;
BANK OF SCOTLAND PLC;;;;
BANK OF THE PHILIPPINE ISLANDS;;;;
BANK OF THE WEST;;;;
BANK SIMPANAN NASIONAL;;;;
Bank Sinopac;;;;
BankMuscat (SAOG);;;;
Banque federative du credit mutuel;;;;
BANQUE FEDERATIVE DU CREDIT MUTUEL (BFCM);;;;
Banque Pour Le Commerce Exterieur Lao;;;;
BANQUE SAUDI FRANSI;;;;
BARCLAYS BANK DELAWARE;;;;
Barclays Bank Ireland Plc;;;;
Barclays Bank PLC;;;;
BARCLAYS BANK PLC.;;;;
BARCLAYS BANK UK PLC;;;;
BAWAG P.S.K. BANK;;;;
Baxter Credit Union;;;;
BBVA Bancomer S.A.;;;;
BC Card Company;;;;
BDO UNIBANK;;;;
BEEHIVE FEDERAL CREDIT UNION;;;;
BELFIUS BANK N.V. / BELFIUS BANQUE S.A.;;;;
BENDIGO AND ADELAIDE BANK LIMITED;;;;
BH BANK;;;;
BIGPAY MALAYSIA SDN. BHD.;;;;
BigPay Singapore Pte. Ltd.;;;;
BNP PARIBAS;;;;
BNP PARIBAS FORTIS;;;;
BNP PARIBAS FORTIS NV/SA.;;;;
BOC CREDIT CARD (INTERNATIONAL) LIMITED;;;;
BOC Credit Card (International) Ltd.;;;;
BOEING EMPLOYEES CREDIT UNION;;;;
BOKF;;;;
BOKIS;;;;
Boubyan Bank K.S.C.;;;;
BPCE;;;;
BRIM FINANCIAL INC.;;;;
BSP Financial Group Limited;;;;
BUNQ B.V.;;;;
C. Hoare & Co.;;;;
Caixa Economica Federal;;;;
Caixa Geral de Depositos S.A.;;;;
Caixabank S.A.;;;;
Canadian Imperial Bank of Commerce;;;;
CANADIAN TIRE BANK;;;;
CAPITAL ONE (EUROPE) PLC;;;;
CAPITAL ONE BANK (USA);;;;
CAPITAL ONE;;;;
CAPITEC BANK LIMITED;;;;
Cathay United Bank;;;;
CB Bank PCL;;;;
Celtic Bank;;;;
CELTIC BANK CORPORATION;;;;
CENTENNIAL BANK;;;;
Centier Bank;;;;
Central Bank of Kansas City;;;;
Central Minnesota Credit Union;;;;
CENTRAL TRUST BANK;;;;
Ceska sporitelna;;;;
CESKOSLOVENSKA OBCHODNI BANKA A.S.;;;;
Charles Schwab Bank;;;;
CHASE BANK USA;;;;
Chelsea Groton Bank;;;;
CHINA BANKING CORPORATION;;;;
CHINA CITIC BANK;;;;
CHINA CONSTRUCTION BANK;;;;
China Construction Bank Corporation;;;;
China Everbright Bank;;;;
CHINA GUANGFA BANK CO.;;;;
CHINA MERCHANTS BANK;;;;
China Minsheng Bank Credit Card (CUP Data);;;;
China Minsheng Banking Corp.;;;;
CIMB BANK BERHAD;;;;
CIMB Bank PLC;;;;
Citi Commercial;;;;
CITIBANK (HONG KONG) LIMITED;;;;
CITIBANK BERHAD;;;;
CITIBANK KOREA INC.;;;;
CITIBANK N.A.;;;;
CITIBANK SINGAPORE LIMITED;;;;
Citibank Singapore Ltd.;;;;
CITIBANK TAIWAN LTD.;;;;
CITIBANK;;;;
CITIGROUP PTY LIMITED;;;;
CITIZENS BANK;;;;
Comdirect Bank AG;;;;
COMMERCIAL BANK OF CEYLON PLC;;;;
COMMERCIAL BANK OF KUWAIT S.A.K.;;;;
COMMERCIAL INTERNATIONAL BANK (EGYPT) S.A.E.;;;;
COMMERZBANK AG;;;;
COMMONWEALTH BANK OF AUSTRALIA;;;;
COMMUNITY FEDERAL SAVINGS BANK;;;;
Community First Credit Union Limited;;;;
CommunityAmerica Credit Union;;;;
COMPUTER SERVICES;;;;
COOPERATIEVE RABOBANK U.A.;;;;
COOPERATIVE RABOBANK U.A.;;;;
CORESTATES BANK N.A.;;;;
Corner Banca S.A.;;;;
CREATION FINANCIAL SERVICES LIMITED;;;;
Credibanco S.A.;;;;
CREDIMAX BSC (CLOSED);;;;
CREDIT AGRICOLE S.A.;;;;
Credit du Nord;;;;
CREDIT MUTUEL ARKEA;;;;
CREDIT ONE BANK;;;;
CREDIT SAISON CO.;;;;
Credit Union of Colorado;;;;
Credomatic de Costa Rica;;;;
CREDOMATIC DE GUATEMALA S.A.;;;;
CTBC BANK CO.;;;;
CURVE OS LIMITED;;;;
Cuscal Limited;;;;
DAH SING BANK LTD.;;;;
Dah Sing Bank;;;;
DANSKE BANK  A/S;;;;
DANSKE BANK AKTIESELSKAB;;;;
DBS BANK (HONG KONG) LIMITED;;;;
DBS Bank (Taiwan) Ltd.;;;;
DBS BANK LTD;;;;
DCB Bank Limited;;;;
Delta Community Credit Union;;;;
DEUTSCHE BANK AG;;;;
Deutsche Bank S.P.A.;;;;
Deutsche Kreditbank AG;;;;
DEUTSCHE KREDITBANK AKTIENGESELLSCHAFT;;;;
DEUTSCHER SPARKASSEN UND GIROVERBAND;;;;
Deutscher Sparkassen- und Giroverband;;;;
DFCC Bank Plc;;;;
Digital Federal Credit Union;;;;
Discovery Bank Limited;;;;
DNB BANK ASA;;;;
Dubai Islamic Bank;;;;
DUKHAN BANK Q.P.S.C.;;;;
DZ Bank AG;;;;
DZ BANK AG DEUTSCHE ZENTRAL- GENOSSENSCHAFTSBANK;;;;
E. SUN COMMERCIAL BANK CO.;;;;
E. Sun Commercial Bank;;;;
EAST WEST BANKING CORPORATION;;;;
Ecobank Cote D'Ivoire;;;;
EDENRED SOLUCOES DE PAGAMENTOS;;;;
Educators Credit Union;;;;
Elevations Credit Union;;;;
EMIGRANT BANK;;;;
Emirates Islamic Bank P.J.S.C.;;;;
EMIRATES NBD BANK;;;;
Emirates NBD Bank (P.J.S.C.);;;;
EML PAYMENT SOLUTIONS LIMITED;;;;
EMPOWER FEDERAL CREDIT UNION;;;;
Emprise Bank;;;;
Ent Credit Union;;;;
Epos Card Company;;;;
Erste & Steiermarkische Bank D.D.;;;;
EURO KARTENSYSTEME GMBH;;;;
Eurobank Bulgaria AD;;;;
EUROPAY BELGIUM S.C.R.L.;;;;
EVOLVE BANK & TRUST;;;;
Fairwinds Credit Union;;;;
Fall River Five Cents Savings Bank;;;;
FIDELITY INFORMATION SERVICES;;;;
FIFTH THIRD BANK;;;;
FINANSBANK A.S.;;;;
Finaxar Holdings Pte Ltd;;;;
First Abu Dhabi Bank (PJSC);;;;
FIRST ABU DHABI BANK PJSC;;;;
FIRST FEDERAL SAVINGS & LOAN ASSOCIATION OF LAKEWOOD;;;;
First Federal Savings Bank of Lincolnton;;;;
FIRST HAWAIIAN BANK;;;;
First Heartland Jusan Bank JSC;;;;
First Horizon Bank;;;;
First National Bank;;;;
First National Bank of Omaha;;;;
FIRST PREMIER BANK;;;;
FIRST RATE EXCHANGE SERVICES L;;;;
First Republic Bank;;;;
FIRST TECHNOLOGY FEDERAL CREDIT UNION;;;;
Firstrand Bank Limited;;;;
FISERV SOLUTIONS;;;;
Foreningen af Danske Kortudstedere F.M.B.A;;;;
FORUM CREDIT UNION;;;;
G-XCHANGE;;;;
GENERAL CARD SERVICES LTD.;;;;
GENISYS CREDIT UNION;;;;
GETIN NOBLE BANK S.A.;;;;
Glacier Bank;;;;
Golden Plains Credit Union;;;;
GOLDMAN SACHS BANK USA;;;;
GPAY NETWORK (S) PTE. LTD;;;;
GPAY NETWORK PH INC;;;;
GRANIT BANK ZRT.;;;;
Greater Bank Limited;;;;
Green Dot Bank DBA Bonneville Bank;;;;
GREENSTATE CREDIT UNION;;;;
Gulf Winds Credit Union;;;;
GVS PREPAID LIMITED;;;;
H & E Telephone Federal Credit Union;;;;
Habib Bank Limited;;;;
Hancock Whitney Bank;;;;
HANG SENG BANK LIMITED;;;;
Hanseatic Bank GMBH & Co Kg;;;;
Hapo Community Credit Union;;;;
Hatton National Bank PLC;;;;
Hawaii State Federal Credit Union;;;;
HDFC BANK LIMITED;;;;
Heritage Bank;;;;
HERITAGE BANK LIMITED;;;;
Hipotekarna Banka Ad Podgorica;;;;
HKT PAYMENT LIMITED;;;;
Home Trust Company;;;;
HONG LEONG BANK BERHAD;;;;
HSBC Amanah Malaysia Berhad;;;;
HSBC BANK (CHINA) COMPANY LIMITED;;;;
HSBC BANK (SINGAPORE) LIMITED;;;;
HSBC Bank (Vietnam) Ltd.;;;;
HSBC BANK AUSTRALIA LIMITED;;;;
HSBC BANK CANADA;;;;
HSBC BANK MALAYSIA BERHAD;;;;
HSBC BANK MIDDLE EAST;;;;
HSBC BANK PLC;;;;
HSBC BANK USA;;;;
HSBC Continental Europe;;;;
HSBC Mexico S.A.;;;;
HSBC UK BANK PLC;;;;
Hua Nan Commercial Bank;;;;
Hua Xia Bank Co.;;;;
HUMM CARDS AUSTRALIA PTY LTD;;;;
HUNTINGTON NATIONAL BANK;;;;
Hyundai Card;;;;
Hyundai Card Company;;;;
ICBC Limited (Singapore Branch);;;;
ICICI BANK LIMITED;;;;
ICICI Bank Ltd;;;;
Idaho Central Credit Union;;;;
IDB Global Federal Credit Union;;;;
IDEAL CREDIT UNION;;;;
IDFC First Bank Limited;;;;
Illinois State Police Federal Credit Union;;;;
Indue Ltd;;;;
INDUSIND BANK LIMITED;;;;
Industrial & Commercial Bank of China Limited;;;;
INDUSTRIAL AND COMMERCIAL BANK OF CHINA (MACAU) LIMITED;;;;
INDUSTRIAL AND COMMERCIAL BANK OF CHINA LIMITED;;;;
INDUSTRIAL BANK CO.;;;;
ING Bank (Australia) Limited;;;;
ING BANK N.V.;;;;
ING BANK NV;;;;
ING BELGIUM;;;;
ING Belgium SA/NV;;;;
ING FRANCE;;;;
ING-DiBa AG;;;;
Insdustrial and Commercial bank of China;;;;
Institution for Savings in Newburyport and its Vicinity;;;;
International Bank of Commerce;;;;
INTERNATIONAL CARD SERVICES BV;;;;
Intesa Sanpaolo S.P.A.;;;;
INTESA SANPAOLO SPA;;;;
iQ Credit Union;;;;
ISRACARD LTD.;;;;
Israel Credit Cards Limited;;;;
Israel Postal Bank Company Limited;;;;
ISRAEL POSTAL BANK COMPANY LTD;;;;
ITHINK FINANCIAL CREDIT UNION;;;;
J P MORGAN EUROPE LTD;;;;
JACK HENRY & ASSOCIATES;;;;
Jaja Finance Ltd (Pana);;;;
Joint Development Bank Ltd;;;;
JOINT STOCK COMMERCIAL BANK FOR FOREIGN TRADE OF VIETNAM;;;;
Joint Stock Commercial Bank for Investment and Development o;;;;
JPMorgan Chase Bank N.A.;;;;
JPMorgan Chase Bank N.A. - Debit;;;;
JSC "UNIVERSAL BANK";;;;
JSC CB Privatbank;;;;
JSC Halyk Savings Bank of Kazakhstan;;;;
JSC KASPI BANK;;;;
JSC Universal Bank;;;;
Jscb Moscow Industrial Bank;;;;
JTrust Royal Bank Ltd.;;;;
Jyske Bank A/S;;;;
Kanbawza Bank Limited;;;;
Kasikornbank Public Company Limited;;;;
Katahdin Trust Company;;;;
KB KOOKMIN CARD CO.;;;;
KBC BANK IRELAND PLC;;;;
KBC BANKVERZEKERINGSHOLDING (KBC BANK N.V.);;;;
KCB Bank Kenya Limited;;;;
KEB HANA CARD CO.;;;;
Kemba Credit Union;;;;
Khan Bank;;;;
Kina Securities Limited;;;;
Kiwibank Ltd;;;;
Klarna Bank AB;;;;
KOMERCNI BANKA A.S.;;;;
Komercni Banka;;;;
Kotak Mahindra Bank Ltd;;;;
KRUNG THAI BANK PUBLIC COMPANY LIMITED;;;;
KRUNGSRIAYUDHYA CARD CO. LTD.;;;;
KRUNGTHAI CARD PUBLIC COMPANY LIMITED;;;;
Krungthai Card Public Company;;;;
La Banque Postale;;;;
La Federation des Caisses Desjardins du Quebec;;;;
LAND BANK OF THE PHILIPPINES;;;;
Landesbank Berlin AG;;;;
LATITUDE FINANCE AUSTRALIA;;;;
Latitude Financial Services Limited;;;;
Le Credit Lyonnais;;;;
LIMITED LIABILITY COMPANY HOME CREDIT & FINANCE BANK;;;;
Lindell Bank & Trust Company;;;;
Lloyds Bank Corporate Markets Plc;;;;
LLOYDS BANK PLC;;;;
LOLC FINANCE PLC;;;;
Lone Star National Bank;;;;
LOTTE CARD CO.;;;;
LUFTHANSA AIRPLUS SERVICEKARTE;;;;
LUFTHANSA AIRPLUS SERVICEKARTEN GMBH;;;;
Luminor Bank AS;;;;
MACQUARIE BANK LIMITED;;;;
Maduro & Curiel's Bank N.V.;;;;
MALAYAN BANKING BERHAD;;;;
MASHREQ BANK;;;;
Mashreqbank;;;;
MASTERCARD - MDS FOR EUROPE DE;;;;
MATCHMOVE PAY PTE. LTD.;;;;
MAURITIUS COMMERCIAL BANK LIMITED;;;;
MAX IT FINANCE LTD;;;;
Maybank Singapore Limited;;;;
mBank S.A.;;;;
MBNA LIMITED;;;;
MEMBERS EQUITY BANK LIMITED;;;;
Merrick Bank;;;;
Metabank;;;;
METRO BANK PLC;;;;
METROBANK CARD CORPORATION (A FINANCE COMPANY);;;;
Metropolitan Bank and Trust Company;;;;
METROPOLITAN BANK AND TRUST COMPANY (METROBANK);;;;
METROPOLITAN COMMERCIAL BANK;;;;
MICARD Co.;;;;
Michigan Legacy Credit Union;;;;
Midflorida Credit Union;;;;
Military Commercial Joint Stock Bank;;;;
Mitsubishi UFJ Nicos Co.;;;;
MOBI  BANKA AD BEOGRAD;;;;
MONZO BANK LIMITED;;;;
Mountain America Federal Credit Union;;;;
MOX BANK LIMITED;;;;
MUFG Bank;;;;
MUFG UNION BANK;;;;
Municipal Credit Union;;;;
N26 GMBH;;;;
NASA Federal Credit Union;;;;
National Australia Bank Limited;;;;
NATIONAL BANK OF GREECE S.A.;;;;
National Bank of Kuwait;;;;
National Bank of Malawi;;;;
NATIONAL BANK OF RAS AL-KHAIMAH (RAKBANK);;;;
NATIONAL BANK OF THE REDWOODS;;;;
NATIONAL WESTMINSTER BANK PLC;;;;
NATIONS TRUST BANK PLC;;;;
Nationwide Building Society;;;;
NAVY FEDERAL CREDIT UNION;;;;
NBS Bank Limited;;;;
NEDBANK LIMITED;;;;
Nedbank Private Wealth Limited;;;;
NETWORK ONLY;;;;
Nexi Payments S.p.A.;;;;
NEXI PAYMENTS SPA;;;;
Nium Pte Ltd;;;;
NIUM PTE. LTD.;;;;
NONGHYUP BANK;;;;
Norddeutsche Landesbank Girozentrale Nord LB;;;;
NORDEA BANK ABP;;;;
Northwest Bank;;;;
Nova Ljubljanska Banka D.D.;;;;
NU PAGAMENTOS SA;;;;
NVAYO LIMITED;;;;
OCBC;;;;
OCBC BANK (MALAYSIA) BERHAD;;;;
OCBC WING HANG BANK LIMITED;;;;
OCTOPUS CARDS LIMITED;;;;
OP Cooperative;;;;
Open Bank;;;;
ORIENT CORPORATION;;;;
ORION FEDERAL CREDIT UNION;;;;
OTP Bank Nyrt.;;;;
OTP BANK PLC;;;;
Our Community Credit Union;;;;
OVERSEA-CHINESE BANKING CORPORATION LIMITED;;;;
Oversea-Chinese Banking Corporation Ltd.;;;;
P.T. Bank CIMB Niaga Tbk.;;;;
Pan Asia Banking Corporation PLC;;;;
PAPARA ELEKTRONIK PARA VE ODEM;;;;
PAYMAYA PHILIPPINES;;;;
PAYONEER EUROPE LIMITED LIMITED;;;;
PAYPAL (EUROPE) S.A.R.L & CIE;;;;
PayPay Bank Corporation;;;;
PayrNet Limited;;;;
Payrnet Pte Ltd;;;;
Paytm Payments Bank Limited;;;;
Pentagon Federal Credit Union;;;;
PEOPLE'S UNITED BANK;;;;
PEOPLES TRUST COMPANY;;;;
permanent tsb plc;;;;
PHILIPPINE NATIONAL BANK;;;;
PING AN BANK CO.;;;;
Pinnacle Bank;;;;
PIRAEUS BANK S.A.;;;;
PNC Bank;;;;
Pocket Card Company;;;;
Police & Fire Federal Credit Union;;;;
POSTAL SAVINGS BANK OF CHINA;;;;
POSTEPAY S.P.A;;;;
PostePay S.p.A.;;;;
POSTFINANCE AG;;;;
Powszechna Kasa Oszczednosci Bank Polski SA (Pko Bank Polski;;;;
PREPAID SERVICES COMPANY LIMITED;;;;
PRESIDENT'S CHOICE BANK;;;;
Priority Credit Union;;;;
Prisma Medios de Pago S.A.;;;;
PSA PAYMENT SERVICES AUSTRIA GMBH;;;;
PT Bank Danamon Indonesia TBK;;;;
PT BANK DBS INDONESIA;;;;
PT BANK HSBC INDONESIA;;;;
PT BANK JAGO TBK;;;;
PT Bank Mandiri (Persero) TBK;;;;
PT BANK MEGA TBK;;;;
PT Bank Mega Tbk.;;;;
PT Bank Negara Indonesia (Persero) TBK;;;;
PT Bank OCBC NISP TBK;;;;
PT Bank Panin TBK;;;;
PT Bank Syariah Indonesia TBK;;;;
PT BANK UOB INDONESIA;;;;
PT. BANK CENTRAL ASIA;;;;
PT. Bank Central Asia TBK;;;;
PT. BANK CIMB NIAGA TBK.;;;;
PT. BANK DANAMON INDONESIA;;;;
Pt. Bank DBS Indonesia;;;;
PT. BANK MANDIRI (PERSERO) TBK.;;;;
PT. BANK MAYBANK INDONESIA TBK;;;;
PT. Bank Maybank Indonesia;;;;
PT. BANK NEGARA INDONESIA (PERSERO) TBK.;;;;
PT. BANK OCBC NISP TBK.;;;;
PT. BANK PERMATA;;;;
PT. BANK RAKYAT INDONESIA (PERSERO);;;;
PT. Bank Tabungan Pensiunan Nasional;;;;
PUBLIC BANK BERHAD;;;;
Public Islamic Bank Berhad;;;;
Qatar Islamic Bank (S.A.Q.);;;;
R Raphael & Sons PLC;;;;
RAIFFEISEN BANK LTD.;;;;
Rakuten Bank;;;;
Rakuten Card Co.;;;;
RANDOLPH BROOKS FEDERAL CREDIT UNION;;;;
RAPYD HOLDINGS PTE LTD;;;;
RAZER FINTECH (SG) PTE. LTD.;;;;
RBL BANK LTD.;;;;
Red Canoe Credit Union;;;;
Regions Bank;;;;
Resona Bank;;;;
REVOLUT LIMITED;;;;
REVOLUT LTD;;;;
Revolut Payments Australia Pty Ltd;;;;
Revolut Payments UAB;;;;
REVOLUT TECHNOLOGIES SINGAPORE;;;;
Revolut Technologies Singapore Pte Ltd.;;;;
RHB BANK BERHAD;;;;
RIYAD BANK;;;;
RIZAL COMMERCIAL BANKING CORPORATION;;;;
ROBINSONS BANK CORPORATION;;;;
ROGERS BANK;;;;
ROYAL BANK OF CANADA;;;;
S-Pankki Oy (S-Bank Limited);;;;
SAI GON JOINT STOCK COMMERCIAL BANK;;;;
SAINSBURY'S BANK PLC;;;;
Salem Five Cents Savings Bank;;;;
SAMBA FINANCIAL GROUP;;;;
SAMPATH BANK PLC;;;;
Samsung Card Co.;;;;
San Luis Valley Federal Bank;;;;
SANTANDER BANK;;;;
Santander Consumer Bank AG;;;;
Santander Consumer Bank As;;;;
SANTANDER UK PLC;;;;
Saudi Digital Payments Company Limited;;;;
SBANKEN ASA;;;;
Sberbank JSC;;;;
SBI CARDS & PAYMENT SERVICES PVT. LTD;;;;
SBI Cards and Payment Services Pte Ltd;;;;
SBM Bank (Kenya) Limited;;;;
SEB KORT BANK AB;;;;
SECURITY BANK CORPORATION;;;;
Servired;;;;
Seylan Bank Limited;;;;
SHANGHAI PUDONG DEVELOPMENT BANK;;;;
SHAZAM;;;;
Shinhan Bank Vietnam Limited;;;;
SHINHAN CARD CO.;;;;
SIAM COMMERCIAL BANK PUBLIC COMPANY LIMITED;;;;
SILICON VALLEY BANK;;;;
Singapore Life Pte. Ltd.;;;;
SIX BBS AG;;;;
SKANDINAVISKA ENSKILDA BANKEN AB;;;;
Societe Generale S.A.;;;;
solarisBank AG;;;;
Solarity Credit Union;;;;
Sony Bank Incorporated;;;;
South State Bank;;;;
Sparebank 1 Kreditt AS;;;;
St. George Bank Limited;;;;
Standard Bank Isle of Man Limited;;;;
STANDARD BANK OF SOUTH AFRICA;;;;
STANDARD CHARTERED BANK;;;;
STANDARD CHARTERED BANK (HONG KONG) LIMITED;;;;
Standard Chartered Bank (Hong Kong) Ltd;;;;
STANDARD CHARTERED BANK (SINGAPORE) LIMITED;;;;
STANDARD CHARTERED BANK MALAYSIA BERHAD;;;;
STARLING BANK LIMITED;;;;
STATE BANK OF INDIA;;;;
State Department Federal Credit Union;;;;
State Employees' Credit Union;;;;
Stride Bank;;;;
Stripe Payments UK Limited;;;;
SUMITOMO MITSUI CARD COMPANY;;;;
Sumitomo Mitsui Trust Club Co.;;;;
Suncoast Credit Union;;;;
Suncorp-Metway Limited;;;;
Sunrise Banks;;;;
Sutton Bank;;;;
SVENSKA HANDELSBANKEN AB;;;;
SWISSCARD AECS GMBH;;;;
Synchrony Bank;;;;
TAIPEI FUBON COMMERCIAL BANK CO.;;;;
TAISHIN INTERNATIONAL BANK;;;;
Taiwan Business Bank;;;;
TAIWAN COOPERATIVE BANK;;;;
TAIWAN RAKUTEN CARD;;;;
Taiwan Shin Kong Commercial Bank;;;;
TANGERINE BANK;;;;
TAPCO Credit Union;;;;
TD Bank;;;;
Teachers Federal Credit Union;;;;
TESCO PERSONAL FINANCE LIMITED;;;;
THE BANCORP BANK;;;;
The Bank of Missouri;;;;
The Bank of Nova Scotia;;;;
The City Bank Ltd.;;;;
The Commercial Bank of Qatar (Q.S.C.);;;;
The Federal Bank Ltd;;;;
The Golden 1 Credit Union;;;;
THE GOVERNOR AND COMPANY OF THE BANK OF IRELAND;;;;
The HongKong and shanghai Banking Corp. Ltd  (ATM Acquirer);;;;
THE HONGKONG AND SHANGHAI BANKING CORPORATION LIMITED;;;;
The Mauritius Commercial Bank Limited;;;;
The Royal Bank of Scotland PLC;;;;
The Saudi British Bank;;;;
The Shanghai Commercial & Savings Bank;;;;
The Siam Commercial Bank Public Company Limited;;;;
The Toronto-Dominion Bank;;;;
Thomas Cook (India) Limited;;;;
TMB BANK PUBLIC COMPANY LIMITED;;;;
TMBThanachart Bank Public Company Limited;;;;
Topcard Service AG;;;;
TORONTO-DOMINION BANK;;;;
Toyota Finance Corporation;;;;
Trade & Development Bank of Mongolia;;;;
TransferWise Europe SA/NV;;;;
TRANSFERWISE JAPAN K. K.;;;;
TRANSFERWISE LTD;;;;
Transportation Alliance Bank;;;;
Travel Wallet Co.;;;;
TRELLANCE;;;;
Truist Bank;;;;
Truist Bank - Credit;;;;
Truliant Federal Credit Union;;;;
Trust Bank Singapore Limited;;;;
TSB Bank Plc;;;;
TSB BANK PLC.;;;;
TURKIYE GARANTI BANKASI A.S.;;;;
U.S. Bank National Association;;;;
U.S. Bank National Association-Credit;;;;
UAB Bank Limited;;;;
UAB Finansines paslaugos Contis;;;;
UBS Bank USA;;;;
UBS SWITZERLAND AG;;;;
UC CARD CO.;;;;
Ulster Bank Ireland Designated Activity Company;;;;
UMB BANK;;;;
Umpqua Bank;;;;
UNICREDIT BULBANK AD;;;;
Union Bank of India;;;;
UNION BANK OF TAIWAN;;;;
Union Bank of the Philippines;;;;
UNIONBANK OF THE PHILIPPINES;;;;
UNITED OVERSEAS BANK (MALAYSIA) BERHAD;;;;
United Overseas Bank (Malaysia) BHD;;;;
UNITED OVERSEAS BANK (THAI) PUBLIC COMPANY LIMITED;;;;
UNITED OVERSEAS BANK LIMITED;;;;
United Overseas Bank(Thai)public Company Limited;;;;
Universal Bank;;;;
USAA Federal Savings Bank;;;;
USAA Savings Bank;;;;
VERBAND DER SPARDA BANKEN E.V.;;;;
VIETNAM INTERNATIONAL;;;;
VIETNAM PROSPERITY JOINT STOCK COMMERCIAL  BANK;;;;
Vietnam Technological And Commercial Joint Stock Bank;;;;
VIRGINIA CREDIT UNION;;;;
Visa Belgium;;;;
Visalux S.C.;;;;
VISECA PAYMENT SERVICES SA;;;;
VJA;;;;
Washington State Employees Credit Union;;;;
WEBBANK;;;;
Webster Bank;;;;
Wells Fargo Bank;;;;
Wescom Central Credit Union;;;;
WESTPAC BANKING CORPORATION;;;;
WESTPAC NEW ZEALAND LIMITED;;;;
White Sands Federal Credit Union;;;;
WISE ASIA PACIFIC  PTE. LTD.;;;;
Wise Asia-Pacific Pte. Ltd.;;;;
Wise Australia Pty Ltd;;;;
WISE AUSTRALIA PTY. LTD.;;;;
Wise Europe SA/NV;;;;
Wise Payments Limited;;;;
WOODFOREST NATIONAL BANK;;;;
Woori Card Co.;;;;
WOORICARD CO.;;;;
Yahoo Japan Corporation;;;;
YES BANK LIMITED;;;;
YooMoney;;;;
YOU TECHNOLOGIES GROUP (SINGAP;;;;
ZA Bank Limited;;;;
ZB;;;;
Zipmoney Payments Pty Ltd;;;;
Issuer Name;;;;
Bokis A/S;;;;
DUKHAN BANK;;;;
HYUNDAICARD CO.;;;;
NATIONAL BANK OF KUWAIT (S.A.K.);;;;
NEWDAY LTD;;;;
THANACHART BANK PUBLIC COMPANY LIMITED;;;;
BANCO POPULAR DOMINICANO;;;;
RAIFFEISENBANK A.S.;;;;
TRANSACT PAYMENTS LIMITED;;;;
PACIFIC WESTERN BANK;;;;
CARD COMPLETE SERVICE BANK AG;;;;
ICA BANKEN AB;;;;
SAFE Credit Union;;;;
PSI- PAY LIMITED;;;;
PREPAID FINANCIAL SERVICES LTD;;;;
WELLS FARGO BANK, N.A.;;;;
International Card Services B.V.;;;;
KBC BANKVERZEKERINGSHOLDING (K;;;;
Banco Mercantil del Norte S.A.., Instituciìn de Banca Mòltip;;;;
STANDARD CHARTERED BANK (VIETNAM) LIMITED;;;;
United Bulgarian Bank Ltd;;;;
Qudos Mutual Ltd;;;;
Credimax B.S.C. (Closed);;;;
FEDERAL BANK LIMITED, THE;;;;
PrimeCredit Limited;;;;
Ayeyarwady Bank Limited;;;;
Choice Financial Group;;;;
SBM Bank (India) Limited;;;;
Commercial Bank of Dubai(PSC);;;;
JACCS CO., LTD.;;;;
Coastal Federal Credit Union;;;;
KOMERCIJALNA BANKA A.D. BEOGRAD;;;;
CLYDESDALE BANK PLC.;;;;
BLUE FEDERAL CREDIT UNION;;;;
Vietnam Bank for Agricultural and Rural Development;;;;
Skandiabanken AB;;;;
Landesbank Baden-Wuerttemberg;;;;
Foris GFS Australia Pty Ltd;;;;
Visa Austria;;;;
MKB BANK NYRT.;;;;
J.S.C. Federal Credit Union;;;;
PT. Bank MNC Internasional Tbk.;;;;
Marine Federal Credit Union;;;;
Kuwait Finance House;;;;
Contecnica S.A.;;;;
HSBC BANK A.S.;;;;
Dock Solucoes em Meios de Pagamento Ltda;;;;
Covantage Credit Union;;;;
Unicredit Bank S.A.;;;;
BANCO SANTANDER SOCIEDAD ANONIMA;;;;
ORIENTAL BANK;;;;
Vietnam Prosperity Joint Stock Commercial Bank;;;;
America's First Federal Credit Union;;;;
JOINT-STOCK COMPANY "BANK OF GEORGIA";;;;
Picatinny Federal Credit Union;;;;
HSBC Bank (Taiwan) Limited;;;;
CITIBANK N.A., THAILAND;;;;
BANCA NAZIONALE DEL LAVORO S.P.A. - BNL;;;;
Blackhawk Community Credit Union;;;;
Union Commercial Bank PLC;;;;
Banco XP S.A.;;;;
East West Bank;;;;
Qatar National Bank (Q.P.S.C.);;;;
Onpoint Community Credit Union;;;;
Fubon Bank (China) Co., Ltd.;;;;
WING BANK (CAMBODIA) PLC;;;;
BANCO INTER S.A.;;;;
TD Bank USA Nordstrom;;;;
ALBERTA TREASURY BRANCHES;;;;
RAIFFEISEN BANK INTERNATIONAL AG;;;;
Bank OZK;;;;
COMERICA BANK;;;;
CREDITO EMILIANO S.P.A.;;;;
SAUDI BRITISH BANK, THE;;;;
Lotte Card Company, Limited;;;;
HANSCOM FEDERAL CREDIT UNION;;;;
SHINHAN BANK;;;;
HSBC Bank Oman (S.A.O.G);;;;
Community Spirit Bank;;;;
RBL Bank Limited;;;;
Danske Bank A/S;;;;
Landsbankinn hf;;;;
Hana Card;;;;
Connection Credit Union;;;;
Kapital Bank JSB;;;;
CITIBANK N.A., PHILIPPINES;;;;
Saigon Thuong Tin Commercial Joint Stock Bank;;;;
Greenville Federal Credit Union;;;;
Bank South Pacific (Vanuatu) Limited;;;;
Industrial and Commercial Bank of China (Thai) Public Compan;;;;
Trade & Development Bank of Mongolia, LLC;;;;
First United Bank and Trust Company;;;;
Amarillo National Bank;;;;
OLDENBURGISCHE LANDESBANK AG;;;;
Valitor hf.;;;;
SOCIETE GENERALE DE BANQUE AU LIBAN S.A.L.;;;;
Vattanac Bank;;;;
BANK OF AMERICA EUROPE DAC;;;;
ARAB FINANCIAL SERVICES COMPANY B.S.C. (C);;;;
Bank of Kathmandu Limited;;;;
Eurobank S.A.;;;;
BANK MILLENNIUM S.A.;;;;
Volvofinans Bank AB (publ);;;;
American Savings Bank, FSB;;;;
Belfius Bank SA;;;;
UNICREDIT BANK AG;;;;
Yes Bank Ltd;;;;
Banco BBVA Peru;;;;
VIVA PAYMENT SERVICES S.A.;;;;
SWISS BANKERS PREPAID SERVICES AG;;;;
Community Trust Bank, Inc.;;;;
WELAB BANK LIMITED;;;;
ITHMAAR BANK B.S.C.;;;;
PAN ASIA BANKING CORPORATION P;;;;
BMO HARRIS BANK N.A.;;;;
FIRST BANK AND TRUST;;;;
BCP Bank (Mauritius) Ltd;;;;
EVRY Card Payments AS;;;;
VALITOR PAYMENT SERVICES LTD;;;;
PLEO FINANCIAL SERVICES APS;;;;
Pt. Bank Sinarmas;;;;
RIZAL COMMERCIAL BANKING;;;;
United Commercial Bank;;;;
SWEDBANK AS;;;;
Freedom Credit Union;;;;
BMI Federal Credit Union;;;;
CHINA MINSHENG BANKING CORPORATION LTD.;;;;
Fifth Third MB Financial;;;;
Digital Commerce Bank;;;;
BANCO PROMERICA , S.A.;;;;
JOINT STOCK COMMERCIAL BANK MOLDINDCONBANK S.A.;;;;
BRD GROUPE SOCIETE GENERALE;;;;
WARBA BANK K.S.C;;;;
Victoria Teachers Limited;;;;
STANDARD CHARTERED BANK (PAK);;;;
SCHOOLSFIRST FEDERAL CREDIT UNION;;;;
First National Bank of Pennsylvania;;;;
LOGIX FEDERAL CREDIT UNION;;;;
Philadelphia Federal Credit Union;;;;
Bank of Bahrain & Kuwait B.S.C.;;;;
APS FINANCIAL LIMITED;;;;
Bank of China Limited Macau Branch;;;;
Citic Bank forCredit Card;;;;
ALLIANZ BANK BULGARIA AD;;;;
BANK POLSKA KASA OPIEKI S.A. - (BANK PEKAO S.A.);;;;
First Atlantic Bank Limited;;;;
Chartway Federal Credit Union;;;;
M&T Bank;;;;
BANCORPSOUTH BANK;;;;
Slovenska Sporitelna A.S.;;;;
Greater Texas Federal Credit Union;;;;
LOTUS?S MONEY SERVICES LIMITED;;;;
Golomt Bank of Mongolia;;;;
Citizens State Bank of New Castle, Indiana;;;;
SBI SUMISHIN NET BANK, LTD.;;;;
EnterCard Group AB;;;;
ROMANIAN COMMERCIAL BANK S.A. - BANCA COMERCIALA ROMANA S.A.;;;;
BANCARD, S.A.;;;;
UNITED COMMUNITY BANK;;;;
The Hokkoku Bank Limited;;;;
PBZ CARD D.O.O.;;;;
National Bank of Bahrain B. S. C.;;;;
Star One Credit Union;;;;
Alcoa Tenn Federal Credit Union;;;;
RBC Bank, (Georgia) National Association;;;;
Airwallex Pty Ltd;;;;
EZ-LINK PTE LTD.;;;;
THE SAUDI NATIONAL BANK;;;;
OPEN BANK S.A.;;;;
Bank of Bhutan Limited;;;;
Mitsubishi Ufj Financial Group, Inc.;;;;
Banco Nacional Ultramarino, S.A.;;;;
CAPITAL ONE BANK (USA), NATION AL ASSOCIATION;;;;
Hua Xia Bank Co., Ltd.;;;;
KEB HANA CARD CO., LTD.;;;;
BOKF, NATIONAL ASSOCIATION;;;;
UMB BANK, NATIONAL ASSOCIATION;;;;
STANDARD BANK OF SOUTH AFRICA, LTD.;;;;
China Minsheng Banking Corp.,Ltd;;;;
Resona Bank, Limited;;;;
Aeon Credit Service (Asia) Co., Ltd;;;;
Allied Irish Banks, p.l.c.;;;;
APLUS Co., Ltd.;;;;
Banco de Oro UniBank, Inc.;;;;
BANK OF AMERICA, NATIONAL ASSOCIATION;;;;
BANK OF EAST ASIA, LIMITED, THE;;;;
BANK OF MISSOURI, THE;;;;
BC Card Company, Limited;;;;
BDO UNIBANK, INC.;;;;
CAPITAL ONE BANK (USA), NATIONAL ASSOCIATION;;;;
CESKA SPORITELNA, A.S.;;;;
CHASE BANK USA, N.A.;;;;
CHINA GUANGFA BANK CO., LTD;;;;
China Guangfa Bank Co., Ltd.;;;;
CITIBANK N.A., SINGAPORE BRANCH;;;;
CITIBANK, N.A.;;;;
Citibank, N.A.- Costco;;;;
CITIBANK, N.A., PHILIPPINES;;;;
Citibank, National Association;;;;
CITIZENS BANK, N.A.;;;;
Citizens Bank, National Association;;;;
COMMERCIAL BANK OF KUWAIT S.A.K., THE;;;;
Credit One Bank, National Association;;;;
Credit Saison Co., Ltd.;;;;
CTBC BANK CO., LTD.;;;;
Dah Sing Bank, Limited;;;;
DANSKE BANK AKTIESELSKAB, DENMARK, SWEDEN BRANCH;;;;
E. Sun Commercial Bank, Ltd.;;;;
Epos Card Company, Limited;;;;
FIDELITY INFORMATION SERVICES,;;;;
FIFTH THIRD BANK, THE;;;;
FISERV SOLUTIONS, LLC;;;;
G-XCHANGE, INC.;;;;
HSBC BANK USA, N.A. ASSOCIATION;;;;
HSBC BANK USA, NATIONAL ASSOCIATION;;;;
HSBC Mexico S.A., Institucion de Banca Multiple, Grupo Finan;;;;
Hua Nan Commercial Bank, Ltd.;;;;
Hyundai Card Company, Limited;;;;
HYUNDAICARD CO., LTD.;;;;
KB KOOKMIN CARD CO., LTD;;;;
KB Kookmin Card Co., Ltd.;;;;
KEB Hana Card Co.,Ltd.;;;;
Krungthai Card Public Company, Limited;;;;
LOTTE CARD CO., LTD.;;;;
METABANK, NATIONAL ASSOCIATION;;;;
MICARD Co., Ltd;;;;
Mitsubishi UFJ Nicos Co., Ltd;;;;
MITSUBISHI UFJ NICOS CO., LTD.;;;;
MUFG Bank, Ltd.;;;;
National Bank of Kuwait, S.A.K.;;;;
PAYMAYA PHILIPPINES, INC.;;;;
PAYPAL (EUROPE) S.A.R.L & CIE, S.C.A;;;;
PING AN BANK CO., LTD.;;;;
PNC Bank, Global Investment Servicing;;;;
PNC Bank, National Association;;;;
PNC Bank, National Association - Consumer Credit;;;;
PT. Bank Maybank Indonesia, Tbk.;;;;
Rakuten Card Co., Ltd.;;;;
RAKUTEN CARD CO.,LTD.;;;;
SAMSUNG CARD CO., LTD.;;;;
Samsung Card Co., Ltd;;;;
SANTANDER BANK, NA;;;;
Servired, Sociedad Espanola de Medios de Pago, S.A;;;;
Shinhan Card Co., Ltd.;;;;
Stride Bank, National Association;;;;
Sumitomo Mitsui Trust Club Co., Ltd.;;;;
SUMITOMO MITSUI CARD COMPANY,;;;;
TAIPEI FUBON COMMERCIAL BANK CO., LTD.;;;;
TD Bank, National Association;;;;
The Shanghai Commercial & Savings Bank, Ltd.;;;;
TORONTO-DOMINION BANK, THE;;;;
UC CARD CO., LTD.;;;;
Wells Fargo Bank, National Association;;;;
WOORICARD CO., LTD;;;;
Woori Card Co., Ltd.;;;;
ZB, National Association;;;;
Banco Santander Colombia;;;;
IOWA LEAGUE CORPORATE CENTRAL C.U.;;;;
Commerce Bancshares, Inc.;;;;
Banco Popular de Puerto Rico;;;;
Singapore Life Ltd.;;;;
Mutual Savings Credit Union;;;;
BANCO SABADELL S.A.;;;;
United Nations Federal Credit Union;;;;
BIBANCA S.P.A.;;;;
EMIRATES NATIONAL BANK OF DUBAI;;;;
CU COOPERATIVE SYSTEMS;;;;
Bank of Edmonson County;;;;
Spar Nord Bank A/S;;;;
VyStar Credit Union;;;;
SWEDBANK AB;;;;
Washington Trust Bank;;;;
Varo Bank, National Association;;;;
CAPITAL ONE BANK (CANADA BRANCH);;;;
ViaCajas S.A.;;;;
Erste Bank Der Oesterreichischen Sparkassen AG;;;;
Finecobank S.P.A.;;;;
Vancouver City Savings Credit Union;;;;
 Banco Nacional Ultramarino, S.A.;;;;
JPMorgan Chase Bank N.A. - Commercial;;;;
ITS Bank;;;;
Al Rajhi Banking and Investment Corp.;;;;
Southwest Montana Community Federal Credit Union;;;;
Bay Federal Credit Union;;;;
BANK LEUMI LE-ISRAEL BM;;;;
INWOOD NATIONAL BANK;;;;
KEMBA FINANCIAL CREDIT UNION, INC.;;;;
HELLENIC BANK PUBLIC COMPANY LIMITED;;;;
CITIBANK CANADA;;;;
Waterfront Federal Credit Union;;;;
Heritage Federal Credit Union;;;;
KAPITAL BANK;;;;
Standard Chartered Bank (Pakistan) Limited;;;;
CURVE UK LIMITED;;;;
CITIBANK EUROPE PUBLIC LIMITED COMPANY;;;;
 CITIBANK, N.A., PHILIPPINES;;;;
WISE PAYMENTS JAPAN K K;;;;
The Bank of East Asia, Limited;;;;
VENTURA COUNTY CREDIT UNION;;;;
BANQUE CENTRALE POPULAIRE;;;;
Homeland Federal Savings Bank;;;;
Bank Alfalah Limited;;;;
NEWBRIDGE BANK;;;;
CITIBANK EUROPE PUBLIC LIMITED  COMPANY;;;;
ALIOR BANK SPOLKA AKCYJNA;;;;
FIRST MIDWEST BANK;;;;
Tinker Federal Credit Union;;;;
The Saudi Investment Bank;;;;
Dort Financial Credit Union;;;;
Byblos Bank SAL;;;;
MCB Bank Limited;;;;
MISSION FEDERAL CREDIT UNION;;;;
Industrial and Commercial Bank of China Limited Macau Branch;;;;
DBS Bank India Ltd;;;;
CITIBANK N.A., INDIA;;;;
PT. Bank Permata TBK;;;;
SCE Federal Credit Union;;;;
First-Citizens Bank & Trust Company;;;;
Bancolombia S.A.;;;;
Coutts & Co;;;;
MVB Bank, Inc;;;;
CEMBRA MONEY BANK AG;;;;
Bank Hapoalim B M;;;;
Banco de Credito e Inversiones;;;;
A+ Federal Credit Union;;;;
Alpha Bank S.A.;;;;
MADISON CF UK LIMITED;;;;
Market USA Federal Credit Union;;;;
CASSA CENTRALE BANCA - CREDITO COOPERATIVO DEL NORD E;;;;
LANSFORSAKRINGAR BANK AB;;;;
Wise Payments Canada Inc.;;;;
42VIRGIN MONEY PLC.;;;;
Citibank Europe PLC;;;;
Cross River Bank;;;;
VIETNAM EXPORT-IMPORT COMMERCIAL JOINT STOCK BANK;;;;
Banco Itaucard, S.A.;;;;
Ningbo Yinzhou Rural Commercial Bank Co., Ltd;;;;
ITAU UNIBANCO S.A.;;;;
VIETNAM JOINT STOCK COMMERCIAL BANK FOR INDUSTRY A;;;;
VIETNAM JOINT STOCK COMMERCIAL BANK FOR INDUSTRY AND TRADE;;;;
Banco de Credito del Peru;;;;
EMIRATES NBD;;;;
AKTIA BANK PLC;;;;
Yuanta Commercial Bank Co. Ltd;;;;
THE ROYAL BANK OF SCOTLAND INTERNATIONAL LIMITED;;;;
CUSTOMERS BANK;;;;
Pennsylvania State Employees Credit Union;;;;
Deere Employees Credit Union;;;;
Arvest Bank;;;;
TRUIST BANKS, INC.;;;;
The Co-Operative Bank PLC;;;;
TURKIYE VAKIFLAR BANKASI T.A.O.;;;;
IMB Limited;;;;
Citibank Taiwan Limited;;;;
IDT Financial Services Limited;;;;
Ardshinbank CJSC;;;;
Shanghai Commercial Bank Limited;;;;
Local Government Federal Credit Union;;;;
Sterling Federal Bank, F.S.B.;;;;
AIRCASH D O O;;;;
University of Wisconsin Credit Union;;;;
Wise Payments Malaysia Sdn. Bhd.;;;;
MidFirst Bank;;;;
MONETA Money Bank, a.s.;;;;
NATIONAL BANK OF CANADA;;;;
Frost  Bank;;;;
FIO BANKA A.S.;;;;
Arab Bank PLC;;;;
BC CARD CO., LTD.;;;;
SHANGHAI COMMERCIAL BANK LTD.;;;;
BANK OF HAWAII;;;;
GUARANTY TRUST BANK PLC;;;;
KEY SOLUTION VENTURE LIMITED;;;;
COMMERCIAL BANK OF QATAR Q.S.C;;;;
Lead Bank;;;;
Chunghwa Post Company, Limited.;;;;
SunTrust Bank;;;;
Nets Denmark A/S;;;;
AGRICULTURAL BANK OF CHINA, THE;;;;
Auswide Bank Ltd;;;;
INDEPENDENT BANK;;;;
Southeast Asia Commercial Joint Stock Bank;;;;
DANSKE BANK OYJ;;;;
UNICREDIT SPA;;;;
TSB BANK LIMITED;;;;
HERITAGE BANK LTD;;;;
"FIRST HEARTLAND JUSAN BANK" JOINT STOCK COMPANY;;;;
SMBC Finance Service Co., Ltd.;;;;
ABSA Bank Limited;;;;
Jaccs Company, Limited;;;;
ABU DHABI ISLAMIC BANK P.J.S.C.;;;;
Indian Overseas Bank;;;;
FIRST SAVINGS BANK;;;;
ING Bank Slaski SA;;;;
GMO Aozora Net Bank, Ltd.;;;;
K&H BANK ZRT;;;;
Bank of Ningbo Co., Ltd;;;;
ERSTE BANK HUNGARY ZRT.;;;;
KEYBANK NATIONAL ASSOCIATION;;;;
SFPMEI SAS;;;;
JPMORGAN CHASE BANK, N.A.;;;;
HL BANK;;;;
Patriot Bank, National Association;;;;